{
    "mS": 58.3333,
    "lambda_s": 0.213636,
    "lambda_hs": 0.37202
}