{
    "mS": 100.000000,
    "lambda_s": 0.238189,
    "lambda_hs": 0.547308,
    "vw" : 0.5
}